role,description
"Tomato Farmer","Cultivates and harvests tomatoes, managing soil health, irrigation, and crop quality to supply fresh produce to market."
"Cow Farmer","Manages dairy and beef cattle operations, including breeding, feeding, health monitoring, and milk/meat production."
"Machine Learning Engineer","Designs and deploys AI solutions using machine learning algorithms, software development practices, and cloud infrastructure to solve complex problems."
"PHD Student","Conducts original research in an academic field under faculty supervision, contributing to scientific knowledge through experimentation and analysis."
"Cancer Researcher","Investigates cancer biology and therapeutics through laboratory research to advance prevention, diagnosis, and treatment strategies."
"Prime Minister","Leads the government as head of state and chief executive, responsible for policy decisions and governing the nation."
"Piano Teacher","Provides music instruction to students of varying skill levels, teaching technique, theory, and repertoire on the piano."
"Mechanical Engineer","Designs, develops, and tests mechanical systems and machinery using principles of physics and materials science."
"Drinking Water Expert","Specializes in water treatment, quality management, and distribution systems to ensure safe and reliable drinking water supply."
